id,date,user,pc,activity
{D1S0-N6FH62BT-5398KANK},01/02/2010 07:00:00,MOH0273,PC-6699,Logon
{T0P2-K8DG47LA-4378PILQ},01/02/2010 17:17:00,MOH0273,PC-6699,Logoff
{O5P6-A9GX04TO-9360LDMY},01/04/2010 07:15:00,MOH0273,PC-6699,Logon
{I8P3-G1GH87EE-5983IZGA},01/04/2010 17:15:00,MOH0273,PC-6699,Logoff
{A9Q0-Q2WY40MV-8766NBLJ},01/05/2010 07:15:00,MOH0273,PC-6699,Logon
{K0P8-R5IH72EP-7191NDPK},01/05/2010 17:18:00,MOH0273,PC-6699,Logoff
{J6H5-O5LY53RG-1253KCHZ},01/06/2010 07:15:00,MOH0273,PC-6699,Logon
{L0D1-Z3JG11YI-8589IRZB},01/06/2010 17:12:00,MOH0273,PC-6699,Logoff
{D6B2-T2ME62OX-8577CSJD},01/07/2010 07:07:00,MOH0273,PC-6699,Logon
{O8W7-A4LU71SR-9690AFON},01/07/2010 17:15:00,MOH0273,PC-6699,Logoff
{F7P7-G1OK83US-7793XLTI},01/08/2010 07:03:00,MOH0273,PC-6699,Logon
{T5E7-V3UK53WH-3141DEWM},01/08/2010 17:12:00,MOH0273,PC-6699,Logoff
{L4X2-X8KR84TC-9171RQXQ},01/09/2010 07:09:00,MOH0273,PC-6699,Logon
{J9N6-Q9CM74FJ-0372WEIL},01/09/2010 17:18:00,MOH0273,PC-6699,Logoff
{K7J3-F6XF41PC-7733GAMG},01/11/2010 07:18:00,MOH0273,PC-6699,Logon
{Z8S6-Y1II78AM-2774FHRD},01/11/2010 17:11:00,MOH0273,PC-6699,Logoff
{T6T3-C4NU99QA-2297MWQN},01/12/2010 07:08:00,MOH0273,PC-6699,Logon
{A6H1-U5FH90KX-6269DGKE},01/12/2010 17:24:00,MOH0273,PC-6699,Logoff
{S6Y3-H0KY78XV-2412JMEX},01/13/2010 07:17:00,MOH0273,PC-6699,Logon
{L1O1-X0YF82ZB-3430FSCN},01/13/2010 17:12:00,MOH0273,PC-6699,Logoff
{K0P4-Q9AX94SW-3163LJGO},01/14/2010 07:15:00,MOH0273,PC-6699,Logon
{J8S8-S1QJ79TX-9954NVTN},01/14/2010 17:15:00,MOH0273,PC-6699,Logoff
{A0D9-C8ZR49TD-5286YHUQ},01/15/2010 07:03:00,MOH0273,PC-6699,Logon
{Q6B1-F1VA25VK-8646XRRV},01/15/2010 17:30:00,MOH0273,PC-6699,Logoff
{K5K0-K1DN86KA-3191QIIK},01/17/2010 07:08:00,MOH0273,PC-6699,Logon
{C3L9-U2MB98RM-7528FGSB},01/17/2010 17:13:00,MOH0273,PC-6699,Logoff
{N3J2-I8NG48BS-7938MFUK},01/18/2010 07:18:00,MOH0273,PC-6699,Logon
{D7R9-Y6SR18AL-9598PSLK},01/18/2010 17:30:00,MOH0273,PC-6699,Logoff
{Z6S1-E0RE47UL-8346SYRU},01/19/2010 07:10:00,MOH0273,PC-6699,Logon
{L5V8-I0VQ13JQ-2378BDYS},01/19/2010 17:27:00,MOH0273,PC-6699,Logoff
{G2C0-A7ED52US-2950DRDW},01/20/2010 07:10:00,MOH0273,PC-6699,Logon
{D1W4-J2BE31QY-5038VCAK},01/20/2010 17:19:00,MOH0273,PC-6699,Logoff
{B5W9-O2MG70QS-6003BILT},01/21/2010 07:16:00,MOH0273,PC-6699,Logon
{M1B0-X2EC84UF-5686CORI},01/21/2010 17:12:00,MOH0273,PC-6699,Logoff
{H7X3-V1VB42OL-5723MGMI},01/22/2010 07:14:00,MOH0273,PC-6699,Logon
{P4E4-D2EX92PW-9096VNYJ},01/22/2010 17:30:00,MOH0273,PC-6699,Logoff
{F0Z4-U3EN58OA-7631AYOY},01/23/2010 07:15:00,MOH0273,PC-6699,Logon
{H5V7-H0PN38NF-0505RLRC},01/23/2010 17:12:00,MOH0273,PC-6699,Logoff
{U7F5-A2WY25AY-5063EHHW},01/25/2010 07:17:00,MOH0273,PC-6699,Logon
{E0R8-J9JJ76NF-0975QYOM},01/25/2010 17:12:00,MOH0273,PC-6699,Logoff
{V7B0-W6GS71DX-6629CGDB},01/26/2010 07:19:00,MOH0273,PC-6699,Logon
{X6I2-D7SN50WJ-8650XVCT},01/26/2010 17:13:00,MOH0273,PC-6699,Logoff
{R7Z2-N3SB99CE-6090LSSB},01/27/2010 07:18:00,MOH0273,PC-6699,Logon
{N6T3-E0HU06SX-8182SXIP},01/27/2010 17:11:00,MOH0273,PC-6699,Logoff
{U4X4-N7CS28OQ-8192HHEB},01/28/2010 07:18:00,MOH0273,PC-6699,Logon
{W3L2-K3YT80BC-2554SMXF},01/28/2010 17:15:00,MOH0273,PC-6699,Logoff
{D3L1-E2SD78EY-6704IXBM},01/29/2010 07:16:00,MOH0273,PC-6699,Logon
{Z3L7-X4RV42VB-9858GWUM},01/29/2010 17:15:00,MOH0273,PC-6699,Logoff
{G2D6-S5WL81US-3283SOZQ},01/30/2010 07:16:00,MOH0273,PC-6699,Logon
{Z1P9-V2IT59UO-9465XGPI},01/30/2010 17:16:00,MOH0273,PC-6699,Logoff
{O8H2-V0ZR92UA-6460AJFE},02/01/2010 07:18:00,MOH0273,PC-6699,Logon
{L5O4-U1EK15QX-7470NNKE},02/01/2010 17:13:00,MOH0273,PC-6699,Logoff
{F8X0-W5UE48PV-8456FYEL},02/02/2010 07:15:00,MOH0273,PC-6699,Logon
{S7S9-L5RV39XB-9186NIOQ},02/02/2010 17:15:00,MOH0273,PC-6699,Logoff
{V3W1-O9BR35SK-7253PQGM},02/03/2010 07:19:00,MOH0273,PC-6699,Logon
{E8T4-V3SW35ES-4530ATQH},02/03/2010 17:11:00,MOH0273,PC-6699,Logoff
{Q0G8-V6OO11UB-7405GJZK},02/04/2010 07:19:00,MOH0273,PC-6699,Logon
{Y2O9-U5IL67PC-1951EOTN},02/04/2010 17:13:00,MOH0273,PC-6699,Logoff
{W1L6-K4EN91XJ-8670PHPL},02/05/2010 07:15:00,MOH0273,PC-6699,Logon
{V1X1-L8OI70MV-5553PHVC},02/05/2010 17:13:00,MOH0273,PC-6699,Logoff
{P8S0-Y6AQ29EP-0648VXRO},02/07/2010 07:15:00,MOH0273,PC-6699,Logon
{F8U0-I9TN75VN-4212VHRB},02/07/2010 17:16:00,MOH0273,PC-6699,Logoff
{J0G4-M3LE06TN-1244LVYL},02/08/2010 07:16:00,MOH0273,PC-6699,Logon
{F6D3-E3VE05HY-5632SCRC},02/08/2010 17:14:00,MOH0273,PC-6699,Logoff
{G3B9-P5XZ14MR-2837JTRQ},02/09/2010 07:05:00,MOH0273,PC-6699,Logon
{Z4A9-A6RP47KC-7743RHCP},02/09/2010 17:21:00,MOH0273,PC-6699,Logoff
{O7G8-L5EZ16AG-0195OGRP},02/10/2010 07:15:00,MOH0273,PC-6699,Logon
{A3O6-L7BG35ZB-1925YJZQ},02/10/2010 17:11:00,MOH0273,PC-6699,Logoff
{L7Z2-N0ML85QG-4639JRBB},02/11/2010 07:10:00,MOH0273,PC-6699,Logon
{C9U9-V0XE45KV-1350DFJF},02/11/2010 17:15:00,MOH0273,PC-6699,Logoff
{Y6B4-K0XV95IK-4922LYCL},02/12/2010 07:13:00,MOH0273,PC-6699,Logon
{D0A6-D1OY60NN-1861VZRL},02/12/2010 17:18:00,MOH0273,PC-6699,Logoff
{O0U6-A7JS89PV-2359VXMC},02/15/2010 07:15:00,MOH0273,PC-6699,Logon
{B4S5-E4VC22SJ-7592IWND},02/15/2010 17:11:00,MOH0273,PC-6699,Logoff
{S6H4-X8FO59XQ-8278FXBJ},02/16/2010 07:16:00,MOH0273,PC-6699,Logon
{L8K3-I5EX18WW-3926CMST},02/16/2010 17:15:00,MOH0273,PC-6699,Logoff
{F6N2-H2YP09VR-3156ALAX},02/17/2010 07:16:00,MOH0273,PC-6699,Logon
{X5N8-O5SR60SN-6924MRCV},02/17/2010 17:12:00,MOH0273,PC-6699,Logoff
{E3I8-N7EU04OT-0550VLTN},02/18/2010 07:14:00,MOH0273,PC-6699,Logon
{G0C2-W7FJ39ND-2304EQMT},02/18/2010 17:17:00,MOH0273,PC-6699,Logoff
{B7S4-P3YB29CO-0781KQQV},02/19/2010 07:06:00,MOH0273,PC-6699,Logon
{F4G8-W0XM75VG-8799MFNY},02/19/2010 17:17:00,MOH0273,PC-6699,Logoff
{V8T3-K4CO11YS-7659EFUE},02/20/2010 07:16:00,MOH0273,PC-6699,Logon
{Z6E1-M3TC40SR-7187XAXT},02/20/2010 17:24:00,MOH0273,PC-6699,Logoff
{Q5M6-J3MS42OD-4785JEDM},02/21/2010 07:16:00,MOH0273,PC-6699,Logon
{Z6Y8-V4PQ79MU-1801PORQ},02/21/2010 17:12:00,MOH0273,PC-6699,Logoff
{X8Z3-S7AZ29IO-2437BEXH},02/22/2010 07:10:00,MOH0273,PC-6699,Logon
{S9C8-U4LG82KJ-1264EKMI},02/22/2010 17:19:00,MOH0273,PC-6699,Logoff
{J5M9-H6LN58LA-4951XPYU},02/23/2010 07:14:00,MOH0273,PC-6699,Logon
{H1Y2-R6VJ77ON-7966EHZU},02/23/2010 17:26:00,MOH0273,PC-6699,Logoff
{C5B5-U8GZ55JA-5069ERRU},02/24/2010 07:15:00,MOH0273,PC-6699,Logon
{T2U4-U8MY91GY-0360WEEI},02/24/2010 17:12:00,MOH0273,PC-6699,Logoff
{R7R2-G6UH50YP-2504IJZF},02/25/2010 07:09:00,MOH0273,PC-6699,Logon
{Y9I8-R5RK36QJ-3881CHSV},02/25/2010 17:24:00,MOH0273,PC-6699,Logoff
{E9G3-V1FE68OQ-9855HXJO},02/26/2010 07:13:00,MOH0273,PC-6699,Logon
{T4X9-L5VU64AZ-0141CHYR},02/26/2010 17:17:00,MOH0273,PC-6699,Logoff
{P3T7-G7OB68TH-4596YVWG},02/28/2010 07:15:00,MOH0273,PC-6699,Logon
{A9D2-O7ZR08DD-5071MJHY},02/28/2010 17:12:00,MOH0273,PC-6699,Logoff
{Z0I5-I0DL06TS-2463OZLV},03/01/2010 07:09:00,MOH0273,PC-6699,Logon
{X9F8-K4LR59TT-8040TSIM},03/01/2010 17:19:00,MOH0273,PC-6699,Logoff
{Y7Q7-Z0TD93XZ-2433HCLD},03/02/2010 07:09:00,MOH0273,PC-6699,Logon
{W2R5-M0TO49GQ-4408CXFD},03/02/2010 17:18:00,MOH0273,PC-6699,Logoff
{R8S1-Q1ZM06CH-4433TDFZ},03/03/2010 07:13:00,MOH0273,PC-6699,Logon
{M6M8-J1IA90JB-9411BINZ},03/03/2010 17:21:00,MOH0273,PC-6699,Logoff
{M8K8-Y1BP00ZU-3746XFVZ},03/04/2010 07:17:00,MOH0273,PC-6699,Logon
{M8X4-N8VI86ZA-7693QZQL},03/04/2010 17:12:00,MOH0273,PC-6699,Logoff
{P6T1-U6AB05HC-4848ILBG},03/05/2010 07:04:00,MOH0273,PC-6699,Logon
{Z4R1-L0OK17LY-3035GJWW},03/05/2010 17:23:00,MOH0273,PC-6699,Logoff
{I5N2-M9GQ29LC-3634LJGO},03/08/2010 07:06:00,MOH0273,PC-6699,Logon
{W0F2-Z1LQ90UU-0072PGJP},03/08/2010 17:11:00,MOH0273,PC-6699,Logoff
{S7N2-S3NA77FA-0844CXIS},03/09/2010 07:15:00,MOH0273,PC-6699,Logon
{Z2O5-J9MK55TG-4821KODA},03/09/2010 17:22:00,MOH0273,PC-6699,Logoff
{N5Q7-H8UM23DS-0843VAUT},03/10/2010 07:00:00,MOH0273,PC-6699,Logon
{G9N3-S2GX64TA-8114NNTH},03/10/2010 17:13:00,MOH0273,PC-6699,Logoff
{C8V6-Z2IJ31MB-5993IKZN},03/11/2010 07:08:00,MOH0273,PC-6699,Logon
{B8R5-U7KQ60OU-1853MUIA},03/11/2010 17:28:00,MOH0273,PC-6699,Logoff
{K4N0-W5HV46AR-6780OLVM},03/12/2010 07:15:00,MOH0273,PC-6699,Logon
{G6U5-Z1PV64BT-3689SCRQ},03/12/2010 17:15:00,MOH0273,PC-6699,Logoff
{T0L4-Z0FT67BM-1877ZUGM},03/15/2010 07:17:00,MOH0273,PC-6699,Logon
{H0H5-L2RA59WZ-0751JSEE},03/15/2010 17:18:00,MOH0273,PC-6699,Logoff
{W4H2-U9NC00QD-7226AJBY},03/16/2010 07:09:00,MOH0273,PC-6699,Logon
{A6D0-R4DB18XM-3044KDLW},03/16/2010 17:24:00,MOH0273,PC-6699,Logoff
{G0N6-O9RU10BQ-2322FJVB},03/17/2010 07:17:00,MOH0273,PC-6699,Logon
{Z5Z6-B1GH35QY-9554QZSX},03/17/2010 17:15:00,MOH0273,PC-6699,Logoff
{F6S7-A9FK20HM-3470HKPD},03/18/2010 07:16:00,MOH0273,PC-6699,Logon
{P7O9-F3VU19BW-1470YWWI},03/18/2010 17:23:00,MOH0273,PC-6699,Logoff
{N3I4-Y4YC46CE-3906TQEA},03/19/2010 07:07:00,MOH0273,PC-6699,Logon
{H0Q1-C8VW12TH-9776PHFV},03/19/2010 17:27:00,MOH0273,PC-6699,Logoff
{N6L5-V0VA48HJ-3985CFKT},03/22/2010 07:10:00,MOH0273,PC-6699,Logon
{S2P4-D3SW45SB-3692ECAQ},03/22/2010 17:27:00,MOH0273,PC-6699,Logoff
{V6N8-S9YY17WR-1853JHCA},03/23/2010 07:00:00,MOH0273,PC-6699,Logon
{S1U2-T9DO54GD-9369RRUG},03/23/2010 17:18:00,MOH0273,PC-6699,Logoff
{J4H1-G0DQ18JM-4140TTRW},03/24/2010 07:01:00,MOH0273,PC-6699,Logon
{K4W4-O2YQ29BK-8524JXBW},03/24/2010 17:18:00,MOH0273,PC-6699,Logoff
{R0E4-J9VK55YF-5461WSFW},03/25/2010 07:15:00,MOH0273,PC-6699,Logon
{E8N3-G9CL20YS-2894SPBJ},03/25/2010 17:12:00,MOH0273,PC-6699,Logoff
{D1K2-V2WW90KM-2316DRPL},03/26/2010 07:18:00,MOH0273,PC-6699,Logon
{C8H3-F4IV67NP-2965PUBO},03/26/2010 17:15:00,MOH0273,PC-6699,Logoff
{N6C9-V3OH48NT-7108SSUZ},03/29/2010 07:19:00,MOH0273,PC-6699,Logon
{C3H0-M2GU50TX-7807WJMW},03/29/2010 17:16:00,MOH0273,PC-6699,Logoff
{F2C7-G2LZ13EQ-9709GUMY},03/30/2010 07:13:00,MOH0273,PC-6699,Logon
{T9W4-K1PO13RU-5787DYTA},03/30/2010 17:27:00,MOH0273,PC-6699,Logoff
{O1N4-L4PZ64HE-6101TQEA},03/31/2010 07:06:00,MOH0273,PC-6699,Logon
{M0C3-P0AD88PG-4131JOFJ},03/31/2010 17:18:00,MOH0273,PC-6699,Logoff
{L2E3-U2JG85EB-8809YUMK},04/01/2010 07:16:00,MOH0273,PC-6699,Logon
{E4K6-Y6TV74VI-8216GLXE},04/01/2010 17:12:00,MOH0273,PC-6699,Logoff
{H6A9-I5LW66JB-3927IQEW},04/05/2010 07:07:00,MOH0273,PC-6699,Logon
{M3F3-B6WI40AH-7213RDUI},04/05/2010 17:22:00,MOH0273,PC-6699,Logoff
{S7C3-L3LR25LT-4683TJME},04/06/2010 07:08:00,MOH0273,PC-6699,Logon
{N8M0-F4CW23PD-2078KAPU},04/06/2010 17:25:00,MOH0273,PC-6699,Logoff
{D1W5-V0NN07ZL-8305APMU},04/07/2010 07:15:00,MOH0273,PC-6699,Logon
{I6P9-N7TY66JK-5283YVOX},04/07/2010 17:11:00,MOH0273,PC-6699,Logoff
{Q5I5-N4TD07HO-4112QMYA},04/08/2010 07:12:00,MOH0273,PC-6699,Logon
{F2S4-J0AW91WL-2340KVAF},04/08/2010 17:21:00,MOH0273,PC-6699,Logoff
{F3Q8-I8YM03PC-0110TPAN},04/09/2010 07:18:00,MOH0273,PC-6699,Logon
{Y1H9-F9PV89MX-7217KORB},04/09/2010 17:22:00,MOH0273,PC-6699,Logoff
{V3Q4-X9KZ54YQ-7195OSXW},04/12/2010 07:16:00,MOH0273,PC-6699,Logon
{G0Z4-Z0OF71BV-0395IJVG},04/12/2010 17:13:00,MOH0273,PC-6699,Logoff
{N1I2-Z3BE64SC-1503IBNR},04/13/2010 07:08:00,MOH0273,PC-6699,Logon
{Y6M5-V4DB72GN-4561EBIB},04/13/2010 17:11:00,MOH0273,PC-6699,Logoff
{G3A6-I8RH76DI-2273VMWO},04/14/2010 07:12:00,MOH0273,PC-6699,Logon
{I5G7-G3ND11XS-9576YUVD},04/14/2010 17:26:00,MOH0273,PC-6699,Logoff
{F3B6-S3HP33MF-5198NDUN},04/15/2010 07:15:00,MOH0273,PC-6699,Logon
{N7T8-O9JX74KM-5435RVDG},04/15/2010 17:20:00,MOH0273,PC-6699,Logoff
{K1O2-S8RL09II-1080LVYS},04/16/2010 07:15:00,MOH0273,PC-6699,Logon
{I5X9-R0WL79WS-8185BVAG},04/16/2010 17:13:00,MOH0273,PC-6699,Logoff
{J4U2-I2OK37QZ-9899OHHF},04/17/2010 07:06:00,MOH0273,PC-6699,Logon
{S2Q3-X6XA04OX-1562LNKR},04/17/2010 17:24:00,MOH0273,PC-6699,Logoff
{U5P3-J5ZH59MA-3598FWES},04/19/2010 07:18:00,MOH0273,PC-6699,Logon
{O7K5-Z0PZ97HC-5557RDVS},04/19/2010 17:13:00,MOH0273,PC-6699,Logoff
{J4D7-D5EO16DD-1247HIBD},04/20/2010 07:18:00,MOH0273,PC-6699,Logon
{N0S3-Q2SG59ED-8922XYQH},04/20/2010 17:14:00,MOH0273,PC-6699,Logoff
{O3X2-P2XN53PW-0928SONU},04/21/2010 07:16:00,MOH0273,PC-6699,Logon
{D1M5-G6DH60JM-4063CRCF},04/21/2010 17:15:00,MOH0273,PC-6699,Logoff
{V8C7-Z6LY26UM-0473METW},04/22/2010 07:19:00,MOH0273,PC-6699,Logon
{G2K7-G2VR13WG-3994GRVA},04/22/2010 17:12:00,MOH0273,PC-6699,Logoff
{A1K9-E7WA04PH-1777HPFY},04/23/2010 07:17:00,MOH0273,PC-6699,Logon
{I0M4-Z4PT86ZQ-9797OTIQ},04/23/2010 17:11:00,MOH0273,PC-6699,Logoff
{N9W0-R9QN59NN-3273DVRY},04/24/2010 07:17:00,MOH0273,PC-6699,Logon
{O3Q1-E4CZ33AO-0364UHSR},04/24/2010 17:13:00,MOH0273,PC-6699,Logoff
{Q4G5-O3JN94FV-5854PKYY},04/26/2010 07:13:00,MOH0273,PC-6699,Logon
{V6W1-V5XK20VL-8493YQKO},04/26/2010 17:16:00,MOH0273,PC-6699,Logoff
{R5T4-Y6LS17UV-1273ZVWJ},04/27/2010 07:16:00,MOH0273,PC-6699,Logon
{Y1N7-Z2TL45WC-5335BAIG},04/27/2010 17:24:00,MOH0273,PC-6699,Logoff
{O2D9-Z2PZ01LA-3653SWYH},04/28/2010 07:04:00,MOH0273,PC-6699,Logon
{N0H5-X5YD52JD-6933VGPU},04/28/2010 17:30:00,MOH0273,PC-6699,Logoff
{F7Z6-F0IY21WV-3395YZTQ},04/29/2010 07:14:00,MOH0273,PC-6699,Logon
{V6D5-F4BN77XR-0084QQXW},04/29/2010 17:28:00,MOH0273,PC-6699,Logoff
{S4W3-L8RE36VX-9231EOJK},04/30/2010 07:18:00,MOH0273,PC-6699,Logon
{I7F9-M1TX89CK-2579XFOZ},04/30/2010 17:14:00,MOH0273,PC-6699,Logoff
{Z4X2-Z7OS01KN-1259ZVCH},05/01/2010 07:17:00,MOH0273,PC-6699,Logon
{T6A2-G4LN17VF-1822IXJS},05/01/2010 17:14:00,MOH0273,PC-6699,Logoff
{E1A0-A5HG31PI-7560GYOP},05/02/2010 07:03:00,MOH0273,PC-6699,Logon
{K7I4-C2GA45NA-0073VJNF},05/02/2010 17:17:00,MOH0273,PC-6699,Logoff
{V7G5-Y0WU65VF-1493RCBO},05/03/2010 07:17:00,MOH0273,PC-6699,Logon
{I7N8-D2AE54ZF-3391LCAM},05/03/2010 17:15:00,MOH0273,PC-6699,Logoff
{Q1L8-R2VP72SL-4619VYKS},05/04/2010 07:14:00,MOH0273,PC-6699,Logon
{Q4T1-Y1PV24SY-6576KFSK},05/04/2010 17:15:00,MOH0273,PC-6699,Logoff
{J5V6-U0YE71BI-2996ETXH},05/05/2010 07:08:00,MOH0273,PC-6699,Logon
{R2K4-G1EK44LJ-9126DORO},05/05/2010 17:24:00,MOH0273,PC-6699,Logoff
{K1T4-E6KX19SO-5604JQUU},05/06/2010 07:18:00,MOH0273,PC-6699,Logon
{F6G3-A7WT14ZS-4241ORHW},05/06/2010 17:13:00,MOH0273,PC-6699,Logoff
{G2R8-F9SL00CG-9587ZFRF},05/07/2010 07:17:00,MOH0273,PC-6699,Logon
{Z4C2-J2JB71WE-2854NAZI},05/07/2010 17:15:00,MOH0273,PC-6699,Logoff
{J9I6-B3YQ88JP-6020PAVS},05/08/2010 07:01:00,MOH0273,PC-6699,Logon
{T3C5-D2LO76OO-2304FPUY},05/08/2010 17:28:00,MOH0273,PC-6699,Logoff
{U5E9-C9OY90UE-1374SKQZ},05/10/2010 07:12:00,MOH0273,PC-6699,Logon
{I4C9-O1GX47JZ-8413TPGE},05/10/2010 17:17:00,MOH0273,PC-6699,Logoff
{I6B6-R4NM71CS-0086KFWH},05/11/2010 07:01:00,MOH0273,PC-6699,Logon
{P4B1-H0PQ28YD-0502RTIP},05/11/2010 17:26:00,MOH0273,PC-6699,Logoff
{Y8J1-V1VX62FJ-0316DKJL},05/12/2010 07:02:00,MOH0273,PC-6699,Logon
{F4K6-K2LS47LP-1729ZIDJ},05/12/2010 17:18:00,MOH0273,PC-6699,Logoff
{E3N7-K8RW25TT-4830GUDW},05/13/2010 07:10:00,MOH0273,PC-6699,Logon
{B9B7-B9CX10GN-0465QNMP},05/13/2010 17:27:00,MOH0273,PC-6699,Logoff
{K5Z7-T2VM66AE-7559YCBP},05/14/2010 07:01:00,MOH0273,PC-6699,Logon
{W8G8-G5CM02PM-2998OOJH},05/14/2010 17:25:00,MOH0273,PC-6699,Logoff
{F0R4-Y7KY48EV-3917IDNS},05/17/2010 07:02:00,MOH0273,PC-6699,Logon
{H6L0-S2XI32EX-4062ASFG},05/17/2010 17:29:00,MOH0273,PC-6699,Logoff
{A8W1-A1FN42PX-8664PLIY},05/18/2010 07:18:00,MOH0273,PC-6699,Logon
{W8G2-Y9RT81GV-7550XTVC},05/18/2010 17:14:00,MOH0273,PC-6699,Logoff
{Q6Y8-Q4JG04TL-1442NEDB},05/19/2010 07:03:00,MOH0273,PC-6699,Logon
{K8K5-A1HP19AS-0858HQKQ},05/19/2010 17:19:00,MOH0273,PC-6699,Logoff
{H6S6-W7QL56MC-5553EMLK},05/20/2010 07:10:00,MOH0273,PC-6699,Logon
{D7F9-Z4FD44ZB-1807YLDI},05/20/2010 17:26:00,MOH0273,PC-6699,Logoff
{Y7V0-X6WA18ZQ-8575NLJA},05/21/2010 07:15:00,MOH0273,PC-6699,Logon
{R0T3-X8DV72XK-0243EFRY},05/21/2010 17:12:00,MOH0273,PC-6699,Logoff
{F9Y7-V2HN45ZT-4898OFZU},05/22/2010 07:07:00,MOH0273,PC-6699,Logon
{Z2G5-O4FG87HC-4927YIMC},05/22/2010 17:29:00,MOH0273,PC-6699,Logoff
{O8E1-O5XJ62OJ-7057JBNF},05/24/2010 07:10:00,MOH0273,PC-6699,Logon
{I5Q7-B6LE87KE-5144VJAD},05/24/2010 17:20:00,MOH0273,PC-6699,Logoff
{T3K6-F6PP54CY-3350RVMV},05/25/2010 07:15:00,MOH0273,PC-6699,Logon
{S1C0-N5FU76CH-5887SPCP},05/25/2010 17:12:00,MOH0273,PC-6699,Logoff
{C5N4-K2MZ98JT-5369DRZT},05/26/2010 07:16:00,MOH0273,PC-6699,Logon
{B2M6-I7MI61YH-5796AKLT},05/26/2010 17:14:00,MOH0273,PC-6699,Logoff
{Y9Y8-N3YY73EM-8023CJBF},05/27/2010 07:19:00,MOH0273,PC-6699,Logon
{O7X9-I7QD50AQ-8475YIGA},05/27/2010 17:13:00,MOH0273,PC-6699,Logoff
{Y8O3-D2JV49TB-8793SZWL},05/28/2010 07:08:00,MOH0273,PC-6699,Logon
{W0C6-W8EP64TT-0354JXUV},05/28/2010 17:22:00,MOH0273,PC-6699,Logoff
{Y8R5-E6NI27JK-9333ZBCN},06/01/2010 07:03:00,MOH0273,PC-6699,Logon
{L9F8-I7OA39AB-5660HHQR},06/01/2010 17:22:00,MOH0273,PC-6699,Logoff
{C1H6-L9FT57PH-9262YPVV},06/02/2010 07:05:00,MOH0273,PC-6699,Logon
{R4L7-Y2MO30HW-9198YXJK},06/02/2010 17:17:00,MOH0273,PC-6699,Logoff
{W4D9-O3YH65PL-4960WTSS},06/03/2010 07:04:00,MOH0273,PC-6699,Logon
{K0M1-S4RL80AZ-3666UNOE},06/03/2010 17:15:00,MOH0273,PC-6699,Logoff
{B1D0-A6CT93SV-2030SOSX},06/04/2010 07:08:00,MOH0273,PC-6699,Logon
{Y2Y3-A0UA26CF-3848DDYW},06/04/2010 17:16:00,MOH0273,PC-6699,Logoff
{B9A3-Y4OZ24QP-6157MFZV},06/07/2010 07:06:00,MOH0273,PC-6699,Logon
{N7E2-E2YY86IR-3563JADL},06/07/2010 17:25:00,MOH0273,PC-6699,Logoff
{B7U4-N6AZ11MQ-7686YZUK},06/08/2010 07:16:00,MOH0273,PC-6699,Logon
{Q2P5-N5ZN50DX-2712ECIT},06/08/2010 17:13:00,MOH0273,PC-6699,Logoff
{W1K9-K7VO04QD-2001KHXL},06/09/2010 07:16:00,MOH0273,PC-6699,Logon
{V9P1-Y9VH51EW-3708VSJO},06/09/2010 17:15:00,MOH0273,PC-6699,Logoff
{Y1A4-B2CM65YY-5497KYUT},06/10/2010 07:15:00,MOH0273,PC-6699,Logon
{G3Q0-D9XR06JZ-3840GEVV},06/10/2010 17:18:00,MOH0273,PC-6699,Logoff
{T5L5-S9QV49BU-7486UIUH},06/11/2010 07:03:00,MOH0273,PC-6699,Logon
{Q5K9-P6FB79PU-9575FVNA},06/11/2010 17:30:00,MOH0273,PC-6699,Logoff
{R8E1-K9UO83VW-1494ELZC},06/12/2010 07:14:00,MOH0273,PC-6699,Logon
{Q2I5-Z0IE90EA-1659EYNZ},06/12/2010 17:14:00,MOH0273,PC-6699,Logoff
{W6P5-S4HX39CK-6014PYRG},06/13/2010 07:19:00,MOH0273,PC-6699,Logon
{M1Q3-H8DV77UE-0173PXJL},06/13/2010 17:14:00,MOH0273,PC-6699,Logoff
{G9D6-E1US97BI-1318YFZW},06/14/2010 07:09:00,MOH0273,PC-6699,Logon
{H3W0-U3IS67HU-8757BHHK},06/14/2010 17:12:00,MOH0273,PC-6699,Logoff
{T1J5-S0LS43XW-1746ZOAK},06/15/2010 07:17:00,MOH0273,PC-6699,Logon
{D8B7-S3QZ84BF-1410TKPB},06/15/2010 17:13:00,MOH0273,PC-6699,Logoff
{C2O5-F9QR93JS-9007EHRD},06/16/2010 07:15:00,MOH0273,PC-6699,Logon
{D9K5-D9WK90NI-9889RICZ},06/16/2010 17:13:00,MOH0273,PC-6699,Logoff
{J5W6-C9FP55IS-6827XKRT},06/17/2010 07:18:00,MOH0273,PC-6699,Logon
{J6C6-U5WP30SJ-0194DIAA},06/17/2010 17:11:00,MOH0273,PC-6699,Logoff
{W3Y2-K9KV93LM-6678COXY},06/18/2010 07:17:00,MOH0273,PC-6699,Logon
{R0F2-H2VD18NW-0127UHED},06/18/2010 17:14:00,MOH0273,PC-6699,Logoff
{D5S0-J7UH93AS-5779OQSH},06/20/2010 07:19:00,MOH0273,PC-6699,Logon
{Q5P4-H2RV81EI-2257CXGA},06/20/2010 17:22:00,MOH0273,PC-6699,Logoff
{F1H4-A2DI95JX-8065DOZX},06/21/2010 07:19:00,MOH0273,PC-6699,Logon
{C6F8-E6LP91BN-6059TZDB},06/21/2010 17:11:00,MOH0273,PC-6699,Logoff
{D9F1-Z8XK88KI-7692TIUO},06/22/2010 07:15:00,MOH0273,PC-6699,Logon
{Q3C7-Q3KW14KZ-4473SNRN},06/22/2010 17:15:00,MOH0273,PC-6699,Logoff
{B9D2-U8LK66EY-6093QVXH},06/23/2010 07:15:00,MOH0273,PC-6699,Logon
{J1N6-Z1ZI61GK-9307FDZT},06/23/2010 17:28:00,MOH0273,PC-6699,Logoff
{L6A9-W9OQ12YI-7952GUNO},06/24/2010 07:19:00,MOH0273,PC-6699,Logon
{U5X0-G4QL38JK-5129AYXL},06/24/2010 17:30:00,MOH0273,PC-6699,Logoff
{L9D9-U5RH27ZZ-6687NPFV},06/25/2010 07:12:00,MOH0273,PC-6699,Logon
{C3D4-G6PO64IN-4086BJCI},06/25/2010 17:20:00,MOH0273,PC-6699,Logoff
{V1P0-W4EM66QC-7726MJLE},06/26/2010 07:15:00,MOH0273,PC-6699,Logon
{B2H2-U4XQ34SN-0163PDOS},06/26/2010 17:13:00,MOH0273,PC-6699,Logoff
{Z6E3-A6GN93XO-7710EKNY},06/28/2010 07:00:00,MOH0273,PC-6699,Logon
{Q8U1-P0MN10KF-0931FBMQ},06/28/2010 17:11:00,MOH0273,PC-6699,Logoff
{J5R6-Q0OH15FD-2452GVCU},06/29/2010 07:18:00,MOH0273,PC-6699,Logon
{O8T7-Q7GO00ND-5237ELMF},06/29/2010 17:15:00,MOH0273,PC-6699,Logoff
{X2M8-O0WQ54SR-3615WCEB},06/30/2010 07:15:00,MOH0273,PC-6699,Logon
{B9Z5-F0BP59FF-2461ZFZV},06/30/2010 17:15:00,MOH0273,PC-6699,Logoff
{V4D4-B1AO38IY-5254TKNM},07/01/2010 07:04:00,MOH0273,PC-6699,Logon
{Y3O6-Z6AO79BB-1538AOQY},07/01/2010 17:15:00,MOH0273,PC-6699,Logoff
{D6J3-P2ZW98DT-6929CEAB},07/02/2010 07:19:00,MOH0273,PC-6699,Logon
{Q2B9-W3AQ99TY-2017VCJE},07/02/2010 17:11:00,MOH0273,PC-6699,Logoff
{C0I0-D9SM50FX-1508UKRP},07/04/2010 07:15:00,MOH0273,PC-6699,Logon
{O6H8-K3DD55ZL-2056WZKN},07/04/2010 17:11:00,MOH0273,PC-6699,Logoff
{X9M2-I2RJ36KM-7870MGHI},07/06/2010 07:18:00,MOH0273,PC-6699,Logon
{C6Q9-P7CE12AN-6035XMSI},07/06/2010 17:24:00,MOH0273,PC-6699,Logoff
{R9C4-S2AF16XM-7311SVNE},07/07/2010 07:05:00,MOH0273,PC-6699,Logon
{T1Z3-E2QM31VP-7201QMNB},07/07/2010 17:19:00,MOH0273,PC-6699,Logoff
{A9H3-U6OJ64DG-3017KIEL},07/08/2010 07:18:00,MOH0273,PC-6699,Logon
{K7X7-D0NV36RG-1829SGTR},07/08/2010 17:12:00,MOH0273,PC-6699,Logoff
{F6P5-X7NW73ZQ-4425VKJY},07/09/2010 07:16:00,MOH0273,PC-6699,Logon
{B9Q6-J2SN59GV-2357RWZG},07/09/2010 17:12:00,MOH0273,PC-6699,Logoff
{L6H5-F9AL94EN-2214LZXO},07/12/2010 07:17:00,MOH0273,PC-6699,Logon
{S7P3-A0FE95LC-5832IYBN},07/12/2010 17:12:00,MOH0273,PC-6699,Logoff
{W7D4-M6MQ04KX-2017VLFO},07/13/2010 07:16:00,MOH0273,PC-6699,Logon
{H7O0-T5LA96OB-6097JBQL},07/13/2010 17:13:00,MOH0273,PC-6699,Logoff
{A5H3-B6ZX39ZD-2145ONFJ},07/14/2010 07:04:00,MOH0273,PC-6699,Logon
{P2U9-G0SP60BX-2044YSJI},07/14/2010 17:27:00,MOH0273,PC-6699,Logoff
{E9O4-T9PI44YO-0831SQBN},07/15/2010 07:14:00,MOH0273,PC-6699,Logon
{V9M2-G9UK19BQ-8633OBPS},07/15/2010 17:28:00,MOH0273,PC-6699,Logoff
{V7Z1-Z7YH44BS-6067MCUJ},07/16/2010 07:17:00,MOH0273,PC-6699,Logon
{T7J8-J3WG43SA-8912NHLM},07/16/2010 17:11:00,MOH0273,PC-6699,Logoff
{C4F5-Y1PP57UB-3981BWZN},07/17/2010 07:07:00,MOH0273,PC-6699,Logon
{T2A6-Q3LZ48IL-6797NIPI},07/17/2010 17:11:00,MOH0273,PC-6699,Logoff
{Z9Q6-H7JV61SL-2463MBGQ},07/18/2010 07:16:00,MOH0273,PC-6699,Logon
{A1D7-G1MN05WA-4024PMLD},07/18/2010 17:15:00,MOH0273,PC-6699,Logoff
{R3Z3-W4WU36UN-3699FQIK},07/19/2010 07:03:00,MOH0273,PC-6699,Logon
{P2N4-W0DF58JR-1416MIUR},07/19/2010 17:16:00,MOH0273,PC-6699,Logoff
{R9N6-O2YW00KR-3145UOSF},07/20/2010 07:07:00,MOH0273,PC-6699,Logon
{H3T9-O8IE46JI-0130RDUK},07/20/2010 17:24:00,MOH0273,PC-6699,Logoff
{Y9M2-B5VZ49VH-4874IDGS},07/21/2010 07:18:00,MOH0273,PC-6699,Logon
{A3K3-K6BU91NE-1651HVDB},07/21/2010 17:14:00,MOH0273,PC-6699,Logoff
{G3U2-L3MX03WG-3902DIHS},07/22/2010 07:07:00,MOH0273,PC-6699,Logon
{G3F2-D0AP67RX-3690HWTY},07/22/2010 17:28:00,MOH0273,PC-6699,Logoff
{H6Y2-J0VM51SW-6042FUTH},07/23/2010 07:19:00,MOH0273,PC-6699,Logon
{L7H4-T6IW02SC-8300XZKR},07/23/2010 17:11:00,MOH0273,PC-6699,Logoff
{W5P5-L5KA48XP-4345RNER},07/26/2010 07:16:00,MOH0273,PC-6699,Logon
{H6E4-T8IE97YC-0750THAY},07/26/2010 17:19:00,MOH0273,PC-6699,Logoff
{L9S6-L6OW39HZ-9760KSAH},07/27/2010 07:16:00,MOH0273,PC-6699,Logon
{C2P0-W8OJ51SW-4152VTNH},07/27/2010 17:11:00,MOH0273,PC-6699,Logoff
{N7E0-A5ZW41JD-2406XOXD},07/28/2010 07:17:00,MOH0273,PC-6699,Logon
{C0E6-F3HJ70RZ-7252UJOT},07/28/2010 17:13:00,MOH0273,PC-6699,Logoff
{A6O4-I4JX34GE-5602CKWI},07/29/2010 07:15:00,MOH0273,PC-6699,Logon
{D9B3-D4NX90BL-2458OHME},07/29/2010 17:11:00,MOH0273,PC-6699,Logoff
{S4H3-L9LW34FU-7516UBUC},07/30/2010 07:18:00,MOH0273,PC-6699,Logon
{Q4Y3-S0QH98LF-7729ZYHD},07/30/2010 17:11:00,MOH0273,PC-6699,Logoff
{T9K3-O0AJ12MA-5423BJIT},07/31/2010 07:17:00,MOH0273,PC-6699,Logon
{R1Q5-K0QW13MB-6816BGKB},07/31/2010 17:15:00,MOH0273,PC-6699,Logoff
{X5C6-B4TN08JC-0342JVST},08/02/2010 07:03:00,MOH0273,PC-6699,Logon
{H0U9-Q7MA99PL-5833QCKY},08/02/2010 17:20:00,MOH0273,PC-6699,Logoff
{Z9E7-B0QP11AC-8697INRL},08/03/2010 07:14:00,MOH0273,PC-6699,Logon
{Z7P1-O6CJ10KN-2224ACKB},08/03/2010 17:20:00,MOH0273,PC-6699,Logoff
{C2R0-A2IZ46RA-9201GGXW},08/04/2010 07:19:00,MOH0273,PC-6699,Logon
{P2B3-Z1AD32IX-6660WQJT},08/04/2010 17:18:00,MOH0273,PC-6699,Logoff
{V9Y0-C1CE21CW-8295EYFM},08/05/2010 07:18:00,MOH0273,PC-6699,Logon
{C7S2-T1GN05OW-7262CORA},08/05/2010 17:12:00,MOH0273,PC-6699,Logoff
{V4Z0-U5IU31JM-5070ZUET},08/06/2010 07:06:00,MOH0273,PC-6699,Logon
{U4J1-V4PQ30MA-0656QLCB},08/06/2010 17:27:00,MOH0273,PC-6699,Logoff
{T7T9-M5LY51YW-4635ORSS},08/08/2010 07:18:00,MOH0273,PC-6699,Logon
{D0V8-C6XX78YV-2994JHII},08/08/2010 17:11:00,MOH0273,PC-6699,Logoff
{R8Y4-Y7XS08JF-7011WKIN},08/09/2010 07:06:00,MOH0273,PC-6699,Logon
{R6N7-F2VZ55UZ-6305XYHI},08/09/2010 17:15:00,MOH0273,PC-6699,Logoff
{A2L6-Z0PB65UA-2595YMHH},08/10/2010 07:11:00,MOH0273,PC-6699,Logon
{S6J4-T7LI37LR-6985WKZN},08/10/2010 17:22:00,MOH0273,PC-6699,Logoff
{I8E5-M5RZ74EU-7777BMFN},08/11/2010 07:03:00,MOH0273,PC-6699,Logon
{Y8P1-D0XD03JK-4523ZJZH},08/11/2010 17:22:00,MOH0273,PC-6699,Logoff
{E7U5-Y1CD75WM-1912GWMP},08/12/2010 07:18:00,MOH0273,PC-6699,Logon
{W1M6-Q5FI91VU-0066GEBQ},08/12/2010 17:14:00,MOH0273,PC-6699,Logoff
{M8K3-S1QZ25TP-6379XAYD},08/13/2010 07:08:00,MOH0273,PC-6699,Logon
{H4V8-O9JP32ZD-9056THMD},08/13/2010 17:26:00,MOH0273,PC-6699,Logoff
{A4Y5-W0WV08BJ-5255CBPL},08/14/2010 07:15:00,MOH0273,PC-6699,Logon
{X9S5-N2PF20UP-4830BXIY},08/14/2010 17:16:00,MOH0273,PC-6699,Logoff
{G0R8-R9HW23VW-0753KFGO},08/15/2010 07:06:00,MOH0273,PC-6699,Logon
{V8X9-B8UW48OD-6173PPGJ},08/15/2010 17:27:00,MOH0273,PC-6699,Logoff
{V2Y0-I1JJ99EI-9881IZLB},08/16/2010 07:15:00,MOH0273,PC-6699,Logon
{P0O7-K0RK26TZ-6013GRLZ},08/16/2010 17:14:00,MOH0273,PC-6699,Logoff
{L7Z4-M6OK53PZ-7007TIRC},08/17/2010 07:17:00,MOH0273,PC-6699,Logon
{G6S0-B7NZ15QC-7163AKYH},08/17/2010 17:14:00,MOH0273,PC-6699,Logoff
{U7Q5-P4YP87JL-1615DBHP},08/18/2010 07:15:00,MOH0273,PC-6699,Logon
{M2V3-X8PB38LA-6218OBSD},08/18/2010 17:11:00,MOH0273,PC-6699,Logoff
{K9O0-C9KW20PX-1088DPNB},08/19/2010 07:17:00,MOH0273,PC-6699,Logon
{K2V3-D7SN02AC-7606PTHT},08/19/2010 17:25:00,MOH0273,PC-6699,Logoff
{F9I0-Q4DF20NJ-3456TSLG},08/20/2010 07:10:00,MOH0273,PC-6699,Logon
{W7U9-V4FW92YF-7871XOWN},08/20/2010 17:23:00,MOH0273,PC-6699,Logoff
{E2G6-G7VM54RW-0831VLYE},08/23/2010 07:13:00,MOH0273,PC-6699,Logon
{N2Z5-M8ST54TT-2883OCVT},08/23/2010 17:21:00,MOH0273,PC-6699,Logoff
{M5U2-Y5XL97UZ-2614AMLJ},08/24/2010 07:05:00,MOH0273,PC-6699,Logon
{S2T2-K8QD53KN-1986OAVJ},08/24/2010 17:12:00,MOH0273,PC-6699,Logoff
{G7L2-U5YN15CS-2171BDCY},08/25/2010 07:18:00,MOH0273,PC-6699,Logon
{S3A7-H6BM87OD-8685LLYR},08/25/2010 17:26:00,MOH0273,PC-6699,Logoff
{O3F1-V2EH18MV-5194UZCE},08/26/2010 07:07:00,MOH0273,PC-6699,Logon
{D9R5-G9LO27GO-5449TFTB},08/26/2010 17:27:00,MOH0273,PC-6699,Logoff
{D0D3-M2MC55TL-0064BFRF},08/27/2010 07:14:00,MOH0273,PC-6699,Logon
{I0O1-A0RU57YJ-3372CJKS},08/27/2010 17:18:00,MOH0273,PC-6699,Logoff
{O8T2-X5EN60TJ-2085DNJK},08/29/2010 07:15:00,MOH0273,PC-6699,Logon
{I7S9-N7TS08NK-3498ILDC},08/29/2010 17:13:00,MOH0273,PC-6699,Logoff
{C6M1-C4VH88VG-6047SDML},08/30/2010 07:06:00,MOH0273,PC-6699,Logon
{P0W7-B6BR16TH-0322ABIT},08/30/2010 17:26:00,MOH0273,PC-6699,Logoff
{H3R9-D4ED57WP-0911LQCY},08/31/2010 07:17:00,MOH0273,PC-6699,Logon
{T5B8-F4QN38YH-1167UADK},08/31/2010 17:14:00,MOH0273,PC-6699,Logoff
{W8H7-D1RT56KS-7160YLBO},09/01/2010 07:16:00,MOH0273,PC-6699,Logon
{X8C1-Z5NH06IG-1728VKOF},09/01/2010 17:12:00,MOH0273,PC-6699,Logoff
{K8G7-I4DF59OS-1448GTVY},09/02/2010 07:17:00,MOH0273,PC-6699,Logon
{Q3M6-G3QY17KN-0267RGRH},09/02/2010 17:13:00,MOH0273,PC-6699,Logoff
{J7P4-X9MM04BV-0830RJJV},09/03/2010 07:12:00,MOH0273,PC-6699,Logon
{B1A1-E3JQ03RA-8523WBBC},09/03/2010 17:16:00,MOH0273,PC-6699,Logoff
{F7L9-D4ZT77MX-1793LPQX},09/07/2010 07:05:00,MOH0273,PC-6699,Logon
{X0V9-V2PU17TM-9461RWJS},09/07/2010 17:15:00,MOH0273,PC-6699,Logoff
{A0G6-P6WQ87VY-6929ZIAO},09/08/2010 07:19:00,MOH0273,PC-6699,Logon
{P6Z4-Y2HX10MA-5719MHUE},09/08/2010 17:27:00,MOH0273,PC-6699,Logoff
{N5W8-R7RO44KD-2154UPIA},09/09/2010 07:09:00,MOH0273,PC-6699,Logon
{Q7I8-C8OQ00WG-9027DXIZ},09/09/2010 17:26:00,MOH0273,PC-6699,Logoff
{I4P2-A6WK37UW-4037JWSK},09/10/2010 07:14:00,MOH0273,PC-6699,Logon
{K6W0-Z2SQ76SU-5935SYMM},09/10/2010 17:23:00,MOH0273,PC-6699,Logoff
{Q6C0-C4EA43XX-1799SBDL},09/13/2010 07:07:00,MOH0273,PC-6699,Logon
{V3T2-P2HW22MW-2387JKCX},09/13/2010 17:19:00,MOH0273,PC-6699,Logoff
{I2Q9-E1YH68WB-3745IDLZ},09/14/2010 07:10:00,MOH0273,PC-6699,Logon
{I9D4-W3ZG19XV-5253DGLR},09/14/2010 17:14:00,MOH0273,PC-6699,Logoff
{A7K1-O0KG36VQ-0686GQKX},09/15/2010 07:19:00,MOH0273,PC-6699,Logon
{B5C4-I8TM01GT-9959HFFC},09/15/2010 17:14:00,MOH0273,PC-6699,Logoff
{C5X2-W2OJ61JN-2454TSHW},09/16/2010 07:17:00,MOH0273,PC-6699,Logon
{G3F0-J1DL71GR-4285LKGI},09/16/2010 17:12:00,MOH0273,PC-6699,Logoff
{P0X2-W0EI84DE-4065MLHB},09/17/2010 07:08:00,MOH0273,PC-6699,Logon
{P9K0-J4RI33DV-2289SOFQ},09/17/2010 17:28:00,MOH0273,PC-6699,Logoff
{E0K5-V6VG74LU-7186PSOE},09/18/2010 07:03:00,MOH0273,PC-6699,Logon
{U3M5-I8HW46GO-7059MSKR},09/18/2010 17:20:00,MOH0273,PC-6699,Logoff
{P2T6-V4LK55TV-9497BOLA},09/20/2010 07:05:00,MOH0273,PC-6699,Logon
{B1P6-B0DK23ZS-5942BAKZ},09/20/2010 17:20:00,MOH0273,PC-6699,Logoff
{D0F2-Y4YF30FZ-6093UWMB},09/21/2010 07:11:00,MOH0273,PC-6699,Logon
{G0M2-A0RW26HL-4463YVIS},09/21/2010 17:21:00,MOH0273,PC-6699,Logoff
{D9N6-U2EY50XR-0917JTSS},09/22/2010 07:15:00,MOH0273,PC-6699,Logon
{D3Z5-H3BN29FA-3132XIDV},09/22/2010 17:13:00,MOH0273,PC-6699,Logoff
{X6K0-Z1CG52EE-9514BEXN},09/23/2010 07:03:00,MOH0273,PC-6699,Logon
{A5E5-Z2EV75HC-0657GXWG},09/23/2010 17:15:00,MOH0273,PC-6699,Logoff
{H0R6-H5CI14WJ-5527VTQW},09/24/2010 07:02:00,MOH0273,PC-6699,Logon
{U0Y0-D0OV61ML-9709FZRW},09/24/2010 17:18:00,MOH0273,PC-6699,Logoff
{A7A8-S5UR74GF-5110WLZU},09/27/2010 07:16:00,MOH0273,PC-6699,Logon
{E3J6-W3AI99BG-3004JGLN},09/27/2010 17:14:00,MOH0273,PC-6699,Logoff
{Z6I0-B0TP33OH-4665VRFT},09/28/2010 07:19:00,MOH0273,PC-6699,Logon
{T4O6-O3XX98CF-5738YHCT},09/28/2010 17:21:00,MOH0273,PC-6699,Logoff
{U5J5-P6PD63EY-2374EYFI},09/29/2010 07:10:00,MOH0273,PC-6699,Logon
{H7Q6-U6XH96PJ-6134VDLM},09/29/2010 17:17:00,MOH0273,PC-6699,Logoff
{I5Z5-B1HM31HL-2807UTIZ},09/30/2010 07:19:00,MOH0273,PC-6699,Logon
{J7Y8-N1SI39MV-5818WQLD},09/30/2010 17:13:00,MOH0273,PC-6699,Logoff
{Z1L0-Y8LK91IU-0480SESU},10/01/2010 07:05:00,MOH0273,PC-6699,Logon
{P1K6-Z2UW58NL-7483JSDK},10/01/2010 17:20:00,MOH0273,PC-6699,Logoff
{C3T1-N2JB31DE-3843QUKS},10/04/2010 07:00:00,MOH0273,PC-6699,Logon
{I8I4-E6BZ57BG-7011FBGM},10/04/2010 17:19:00,MOH0273,PC-6699,Logoff
{R2F0-T7WZ66JP-7757WFHQ},10/05/2010 07:02:00,MOH0273,PC-6699,Logon
{H8X9-V0KQ99WW-4136NBZV},10/05/2010 17:12:00,MOH0273,PC-6699,Logoff
{R7P6-C3AX17BT-3985XFEJ},10/06/2010 07:18:00,MOH0273,PC-6699,Logon
{A6W9-L6VG33CK-4730NPPD},10/06/2010 17:14:00,MOH0273,PC-6699,Logoff
{V0S4-Q2MZ10JI-9305LWHL},10/07/2010 07:14:00,MOH0273,PC-6699,Logon
{T3K8-W3YS45PK-9155YQGJ},10/07/2010 17:23:00,MOH0273,PC-6699,Logoff
{A0U8-F9XQ46VM-1841QRCX},10/08/2010 07:10:00,MOH0273,PC-6699,Logon
{N5R8-N1KR36HR-4559FVXJ},10/08/2010 17:26:00,MOH0273,PC-6699,Logoff
{I3V0-S0WC89EY-2332TVXV},10/09/2010 07:00:00,MOH0273,PC-6699,Logon
{R6X1-U5YW87HP-9370QNCG},10/09/2010 17:15:00,MOH0273,PC-6699,Logoff
{T8Y8-P8KG02EN-8214OBLY},10/11/2010 07:15:00,MOH0273,PC-6699,Logon
{A4O9-U6TA99EE-7228WRTJ},10/11/2010 17:14:00,MOH0273,PC-6699,Logoff
{G9P0-U1DH61XQ-3002FKJO},10/12/2010 07:04:00,MOH0273,PC-6699,Logon
{T2Q5-T2NY87LS-7289OJRG},10/12/2010 17:11:00,MOH0273,PC-6699,Logoff
{Y6D9-J8DH67WR-9265VQSG},10/13/2010 07:12:00,MOH0273,PC-6699,Logon
{G4V6-S1SK65FV-0539DYVJ},10/13/2010 17:22:00,MOH0273,PC-6699,Logoff
{L0X1-O8TT72SE-6556SMKC},10/14/2010 07:14:00,MOH0273,PC-6699,Logon
{U2M9-P5YP05TL-5535VYLE},10/14/2010 17:28:00,MOH0273,PC-6699,Logoff
{N7Y0-E4FL85HW-2574ZEFZ},10/15/2010 07:18:00,MOH0273,PC-6699,Logon
{J2A8-C0WG42PP-2679YBBO},10/15/2010 17:14:00,MOH0273,PC-6699,Logoff
{X5B1-H5LH36HH-7468PUFE},10/17/2010 07:15:00,MOH0273,PC-6699,Logon
{N8F3-R8JX85GD-1389SVWF},10/17/2010 17:12:00,MOH0273,PC-6699,Logoff
{K0K2-U6AU92LE-7402AAPJ},10/18/2010 07:19:00,MOH0273,PC-6699,Logon
{H2J7-W7UG19NQ-5904VTUJ},10/18/2010 17:12:00,MOH0273,PC-6699,Logoff
{O2X2-W4CK72WF-6064PZCS},10/19/2010 07:15:00,MOH0273,PC-6699,Logon
{U4E0-S0HI61GR-9891MMCI},10/19/2010 17:28:00,MOH0273,PC-6699,Logoff
{M0S6-E9ZU51JR-2341BKVS},10/20/2010 07:07:00,MOH0273,PC-6699,Logon
{S3Q2-Q4XN71HW-6074XSRD},10/20/2010 17:27:00,MOH0273,PC-6699,Logoff
{X0S0-D1XG70PL-7484ADOY},10/21/2010 07:02:00,MOH0273,PC-6699,Logon
{B5T5-Q6XL65QG-3261HUYP},10/21/2010 17:28:00,MOH0273,PC-6699,Logoff
{T9P5-K4JH92TP-0511NBZT},10/22/2010 07:17:00,MOH0273,PC-6699,Logon
{L7U6-E5MC88TX-3054CNBI},10/22/2010 17:20:00,MOH0273,PC-6699,Logoff
{B6D6-R1QG76EL-3630KMNQ},10/25/2010 07:05:00,MOH0273,PC-6699,Logon
{W4G6-P2NC54EK-1645PIEM},10/25/2010 17:20:00,MOH0273,PC-6699,Logoff
{S6C9-K6YK18FL-2108XWHD},10/26/2010 07:06:00,MOH0273,PC-6699,Logon
{S4B9-P5FQ35VJ-1285NFDQ},10/26/2010 17:15:00,MOH0273,PC-6699,Logoff
{P9B3-V8XQ30ON-6386IELN},10/27/2010 07:11:00,MOH0273,PC-6699,Logon
{D7G9-E6IO62JC-9423DSFM},10/27/2010 17:20:00,MOH0273,PC-6699,Logoff
{W9E4-T7HZ32JR-9362AUYT},10/28/2010 07:09:00,MOH0273,PC-6699,Logon
{E2P5-Q0MI59UO-0226EMRL},10/28/2010 17:26:00,MOH0273,PC-6699,Logoff
{L9L7-P2KK73KE-2487PVNF},10/29/2010 07:08:00,MOH0273,PC-6699,Logon
{G9Q3-A4IL21JL-8702ZCJN},10/29/2010 17:15:00,MOH0273,PC-6699,Logoff
{E4B3-J7WC76BY-6538RYTE},11/01/2010 07:19:00,MOH0273,PC-6699,Logon
{E4L9-C5XT23SB-4787QWGN},11/01/2010 17:15:00,MOH0273,PC-6699,Logoff
{J0J9-P3FF58OG-3604ZMTR},11/02/2010 07:17:00,MOH0273,PC-6699,Logon
{N8G9-X3OX47VP-0732UKEV},11/02/2010 17:15:00,MOH0273,PC-6699,Logoff
{X8A0-Y6LU16FP-0187TDPU},11/03/2010 07:16:00,MOH0273,PC-6699,Logon
{M6M0-R0AT87RM-6690LZMF},11/03/2010 17:11:00,MOH0273,PC-6699,Logoff
{B4O8-U0HC30VN-6131BKHV},11/04/2010 07:06:00,MOH0273,PC-6699,Logon
{F9E2-H4ZX37DX-8749FIIF},11/04/2010 17:26:00,MOH0273,PC-6699,Logoff
{B0M2-B4PA17JJ-9232OYCU},11/05/2010 07:15:00,MOH0273,PC-6699,Logon
{L4P4-Z8KT92NW-9269BPMS},11/05/2010 17:12:00,MOH0273,PC-6699,Logoff
{R9S6-E8RE73XH-1152SIIB},11/08/2010 07:16:00,MOH0273,PC-6699,Logon
{L7O8-T5QX95KR-9589WOZX},11/08/2010 17:30:00,MOH0273,PC-6699,Logoff
{P2S4-F8CR78MA-5463KPHD},11/09/2010 07:15:00,MOH0273,PC-6699,Logon
{F1C2-Z3OP84LS-8886ICOL},11/09/2010 17:15:00,MOH0273,PC-6699,Logoff
{Z4R2-P9JV21MI-7085SUAB},11/10/2010 07:06:00,MOH0273,PC-6699,Logon
{R3E1-I6LR80LD-5127ERPI},11/10/2010 17:17:00,MOH0273,PC-6699,Logoff
{J6H5-H3CX13HH-7090XJEK},11/11/2010 07:17:00,MOH0273,PC-6699,Logon
{Y3H2-Q4WC13GC-8998CIDL},11/11/2010 17:12:00,MOH0273,PC-6699,Logoff
{D3S0-I5MQ94BM-7123BMFZ},11/12/2010 07:19:00,MOH0273,PC-6699,Logon
{A2X4-M0BN22FI-5130HOMX},11/12/2010 17:14:00,MOH0273,PC-6699,Logoff
{G1K7-F1FM10HU-2080JCNK},11/13/2010 07:05:00,MOH0273,PC-6699,Logon
{G1N3-H0HV79TG-7710HPQU},11/13/2010 17:29:00,MOH0273,PC-6699,Logoff
{P5P2-G3YR69ZN-9166KIHG},11/15/2010 07:15:00,MOH0273,PC-6699,Logon
{X4Q2-K0VX80HY-0797UCHJ},11/15/2010 17:14:00,MOH0273,PC-6699,Logoff
{L0R2-J9CL45VH-0002ILPY},11/16/2010 07:17:00,MOH0273,PC-6699,Logon
{X8Q4-W9GZ97LZ-8583NTZC},11/16/2010 17:13:00,MOH0273,PC-6699,Logoff
{B1P1-C8MY35XV-6661XHMV},11/17/2010 07:18:00,MOH0273,PC-6699,Logon
{J4O1-U0OZ66OJ-1868DERT},11/17/2010 17:15:00,MOH0273,PC-6699,Logoff
{C6T7-I8MD04EL-0156RCYI},11/18/2010 07:07:00,MOH0273,PC-6699,Logon
{C9Q5-C8KL23TY-0181SZIN},11/18/2010 17:18:00,MOH0273,PC-6699,Logoff
{R1V5-Q5RZ21ST-3783DKZS},11/19/2010 07:18:00,MOH0273,PC-6699,Logon
{V2N8-W1MQ10PN-6712VFRI},11/19/2010 17:15:00,MOH0273,PC-6699,Logoff
{G6C5-R4GO64XB-9856VVOU},11/20/2010 07:17:00,MOH0273,PC-6699,Logon
{L3P3-E3RJ53VN-6457OXWK},11/20/2010 17:15:00,MOH0273,PC-6699,Logoff
{I9G6-D5JO42HO-1393SFVA},11/21/2010 07:17:00,MOH0273,PC-6699,Logon
{D4I4-R8SD80YW-7383WMHF},11/21/2010 17:15:00,MOH0273,PC-6699,Logoff
{F2U0-O4UA41RZ-8238ZTSH},11/22/2010 07:15:00,MOH0273,PC-6699,Logon
{W7Z3-H8AL48CG-0250EKJS},11/22/2010 17:13:00,MOH0273,PC-6699,Logoff
{Q6T6-S7IP17KD-0971NVJD},11/23/2010 07:18:00,MOH0273,PC-6699,Logon
{E8B0-U2SW98YT-2718UWXW},11/23/2010 17:14:00,MOH0273,PC-6699,Logoff
{R0Z0-P0VK08WQ-4439KBNF},11/24/2010 07:06:00,MOH0273,PC-6699,Logon
{Y9Z6-Z6TB67BC-9011WJMG},11/24/2010 17:16:00,MOH0273,PC-6699,Logoff
{T8Z4-J1VN04XD-2582XDDD},11/26/2010 07:14:00,MOH0273,PC-6699,Logon
{F8K7-V5IT26TB-1178ODDS},11/26/2010 17:30:00,MOH0273,PC-6699,Logoff
{X6W8-W4HB04JL-4174FNBU},11/28/2010 07:19:00,MOH0273,PC-6699,Logon
{V4N3-E3BJ57HZ-7538XZXO},11/28/2010 17:14:00,MOH0273,PC-6699,Logoff
{C8D5-C3EP16KI-3688OBKH},11/29/2010 07:11:00,MOH0273,PC-6699,Logon
{K2P7-I6IV58VQ-5987QYAV},11/29/2010 17:15:00,MOH0273,PC-6699,Logoff
{A8S4-E7ZL04OQ-2913FBXD},11/30/2010 07:15:00,MOH0273,PC-6699,Logon
{E2J0-V2EL32OI-3109DRLT},11/30/2010 17:14:00,MOH0273,PC-6699,Logoff
{J3Q9-P3IX21NA-9617PSKB},12/01/2010 07:16:00,MOH0273,PC-6699,Logon
{B7K2-V9JD12FC-1914IXAX},12/01/2010 17:19:00,MOH0273,PC-6699,Logoff
{J8W4-N7YO16SA-3978SKYE},12/02/2010 07:00:00,MOH0273,PC-6699,Logon
{B3Y0-P2ZU68AR-8626LWLJ},12/02/2010 17:13:00,MOH0273,PC-6699,Logoff
{T7K3-D4OR73HR-1997CZXR},12/03/2010 07:19:00,MOH0273,PC-6699,Logon
{X6V1-R5GZ64UB-2484IBOF},12/03/2010 17:14:00,MOH0273,PC-6699,Logoff
{C8M6-O7DV84WM-0942UNIJ},12/05/2010 07:18:00,MOH0273,PC-6699,Logon
{K3H3-S0IT75CN-3612ILIZ},12/05/2010 17:13:00,MOH0273,PC-6699,Logoff
{G7N0-S1VQ73MB-8688QRAA},12/06/2010 07:15:00,MOH0273,PC-6699,Logon
{P2O7-O0SI86GQ-7087UDFW},12/06/2010 17:15:00,MOH0273,PC-6699,Logoff
{A5N7-B5QA40NS-5605KXOM},12/07/2010 07:04:00,MOH0273,PC-6699,Logon
{Y5L1-S3MQ18VL-6314XNHZ},12/07/2010 17:26:00,MOH0273,PC-6699,Logoff
{I1E3-U3XO15DO-7365SIFJ},12/08/2010 07:14:00,MOH0273,PC-6699,Logon
{V5H7-F4XW96RO-6115FBPX},12/08/2010 17:22:00,MOH0273,PC-6699,Logoff
{O4S4-D6HC91MR-5718EVPL},12/09/2010 07:06:00,MOH0273,PC-6699,Logon
{C1H6-C2YJ91QE-4909YWOH},12/09/2010 17:29:00,MOH0273,PC-6699,Logoff
{T2W7-H4CF04PE-5903UJMY},12/10/2010 07:17:00,MOH0273,PC-6699,Logon
{S4M9-V5OH43AP-1847CWGU},12/10/2010 17:24:00,MOH0273,PC-6699,Logoff
{Y8R5-W2VH78TT-3504OMNF},12/11/2010 07:11:00,MOH0273,PC-6699,Logon
{P3U3-C5AF74AZ-4205VFNQ},12/11/2010 17:15:00,MOH0273,PC-6699,Logoff
{C2Q9-K6IW76DO-1469FOVD},12/13/2010 07:05:00,MOH0273,PC-6699,Logon
{O7S6-P7PQ41EF-3228THDY},12/13/2010 17:30:00,MOH0273,PC-6699,Logoff
{Y7V6-W6UE61AV-3065MBDS},12/14/2010 07:02:00,MOH0273,PC-6699,Logon
{R1P1-L8LD04TK-4102WSMW},12/14/2010 17:22:00,MOH0273,PC-6699,Logoff
{P1I3-I6FG99UE-9218PXAO},12/15/2010 07:17:00,MOH0273,PC-6699,Logon
{K0O2-H7VO03HB-8223TZLH},12/15/2010 17:11:00,MOH0273,PC-6699,Logoff
{R7X6-W6WB93IC-8139XPCX},12/16/2010 07:15:00,MOH0273,PC-6699,Logon
{F5C8-M6HQ98DK-2770SCEG},12/16/2010 17:26:00,MOH0273,PC-6699,Logoff
{B9C5-M5LK21TX-9726ISEU},12/17/2010 07:10:00,MOH0273,PC-6699,Logon
{R6O5-K9NU06HJ-9503OYUC},12/17/2010 17:21:00,MOH0273,PC-6699,Logoff
{S4D7-C6LR81XG-5922VUJX},12/20/2010 07:00:00,MOH0273,PC-6699,Logon
{X6L3-W5DO97GG-8752ORIK},12/20/2010 17:22:00,MOH0273,PC-6699,Logoff
{P7L5-E8NN70JI-6363GJLM},12/21/2010 07:04:00,MOH0273,PC-6699,Logon
{I7A7-L4OH95PB-2303PBST},12/21/2010 17:21:00,MOH0273,PC-6699,Logoff
{X4X4-Y7XY07CN-9912PSOW},12/22/2010 07:19:00,MOH0273,PC-6699,Logon
{R9G2-R0XJ96LY-3799MZZM},12/22/2010 17:11:00,MOH0273,PC-6699,Logoff
{L9K6-W0GO12MY-0429ZXTU},12/25/2010 07:15:00,MOH0273,PC-6699,Logon
{D5S6-X8JB41UE-0951GNLR},12/25/2010 17:14:00,MOH0273,PC-6699,Logoff
{Z4G2-A2DB08QZ-4462WNGQ},12/26/2010 07:16:00,MOH0273,PC-6699,Logon
{U9W4-H9DT73MP-1003GVQX},12/26/2010 17:29:00,MOH0273,PC-6699,Logoff
{O3Y5-P9UU69IF-4856VDSV},12/27/2010 07:13:00,MOH0273,PC-6699,Logon
{P6V6-H6HK19MH-0507CJVH},12/27/2010 17:18:00,MOH0273,PC-6699,Logoff
{O7N6-F6EA37PJ-0554CSSH},12/28/2010 07:15:00,MOH0273,PC-6699,Logon
{T2O4-C2XQ29LD-5303NGYT},12/28/2010 17:14:00,MOH0273,PC-6699,Logoff
{Y9L7-A2AH44VJ-7157KJSI},12/29/2010 07:17:00,MOH0273,PC-6699,Logon
{G8R3-W3FZ79ZB-7536KFIF},12/29/2010 17:13:00,MOH0273,PC-6699,Logoff
{M0H9-J9YD15DV-9588ABSV},12/30/2010 07:18:00,MOH0273,PC-6699,Logon
{S9L4-D5QR12TP-3855NRWN},12/30/2010 17:17:00,MOH0273,PC-6699,Logoff
{S0M5-M0PW86ZU-0752FVYI},12/31/2010 07:17:00,MOH0273,PC-6699,Logon
{L4Z0-F7MC75GR-3971XHNO},12/31/2010 17:15:00,MOH0273,PC-6699,Logoff
{I6D2-W7ZU09XZ-4992IAWM},01/01/2011 07:17:00,MOH0273,PC-6699,Logon
{D2K5-B5PI87VB-7193VKMK},01/01/2011 17:15:00,MOH0273,PC-6699,Logoff
{S0Z7-C0AQ83LH-1222ACIW},01/03/2011 07:16:00,MOH0273,PC-6699,Logon
{B2I6-T8PE01YP-7394RYEF},01/03/2011 17:12:00,MOH0273,PC-6699,Logoff
{C3Q7-O2PZ00TX-6406PCPV},01/04/2011 07:16:00,MOH0273,PC-6699,Logon
{K5H3-W0NE64AH-6145NYVX},01/04/2011 17:13:00,MOH0273,PC-6699,Logoff
{B3H3-O2JT01GB-6135BFJP},01/05/2011 07:15:00,MOH0273,PC-6699,Logon
{U2J0-G2PS25YA-3305YOQI},01/05/2011 17:13:00,MOH0273,PC-6699,Logoff
{J3O7-W0ZD99FM-2053RLES},01/06/2011 07:15:00,MOH0273,PC-6699,Logon
{M2O2-E5KD46AL-8854EECY},01/06/2011 17:21:00,MOH0273,PC-6699,Logoff
{E3X2-I5HW32AH-3547BDZE},01/07/2011 07:09:00,MOH0273,PC-6699,Logon
{W9I3-W9KH71DS-5015TASZ},01/07/2011 17:22:00,MOH0273,PC-6699,Logoff
{L7D5-F2QF66XQ-5850ZWLT},01/09/2011 07:16:00,MOH0273,PC-6699,Logon
{G6Q6-U9FR71LF-7986JWED},01/09/2011 17:11:00,MOH0273,PC-6699,Logoff
{N7K4-F3ZC78KC-5682KRJK},01/10/2011 07:14:00,MOH0273,PC-6699,Logon
{V4J7-B6LU08TI-8527GTIA},01/10/2011 17:22:00,MOH0273,PC-6699,Logoff
{J7R8-R6TZ87RF-7971OOQI},01/11/2011 07:15:00,MOH0273,PC-6699,Logon
{G5P9-T3GW80BT-3092ZJOX},01/11/2011 17:11:00,MOH0273,PC-6699,Logoff
{C6X6-X2PD27GN-9048FQSV},01/12/2011 07:19:00,MOH0273,PC-6699,Logon
{C0Y7-P8NF11LG-0720NKCL},01/12/2011 17:26:00,MOH0273,PC-6699,Logoff
{K7E8-D4UC40GN-6895XYFL},01/13/2011 07:15:00,MOH0273,PC-6699,Logon
{X3D1-S2FX59QD-0020RDWE},01/13/2011 17:14:00,MOH0273,PC-6699,Logoff
{A0B9-I9BX85UY-6417ZRZU},01/14/2011 07:12:00,MOH0273,PC-6699,Logon
{P5P4-E7GT99KU-5308AUOD},01/14/2011 17:28:00,MOH0273,PC-6699,Logoff
{B9G1-V3JM56RB-4944OXIU},01/15/2011 07:19:00,MOH0273,PC-6699,Logon
{A7M7-H3AK37JL-4713RBLZ},01/15/2011 17:15:00,MOH0273,PC-6699,Logoff
{Y1D5-I7BH42ND-6494OCRV},01/17/2011 07:10:00,MOH0273,PC-6699,Logon
{A8S7-Q1UA28EW-8035BEJZ},01/17/2011 17:24:00,MOH0273,PC-6699,Logoff
{T8O0-E8DM68NO-7569STKW},01/18/2011 07:04:00,MOH0273,PC-6699,Logon
{S1G3-A7FL37OD-3143KVPL},01/18/2011 17:13:00,MOH0273,PC-6699,Logoff
{G3N9-R3EV60YW-6862RFPG},01/19/2011 07:18:00,MOH0273,PC-6699,Logon
{F3W0-G2RM96EL-3547PCUX},01/19/2011 17:12:00,MOH0273,PC-6699,Logoff
{X9X4-J0YW31MI-7714TEAL},01/20/2011 07:02:00,MOH0273,PC-6699,Logon
{H8Z6-X6KJ42PT-6744LZWH},01/20/2011 17:15:00,MOH0273,PC-6699,Logoff
{U6V9-K5PJ66TF-1715HNOF},01/21/2011 07:15:00,MOH0273,PC-6699,Logon
{S0Z3-P4GO10MK-0543TGPR},01/21/2011 17:13:00,MOH0273,PC-6699,Logoff
{Y3F2-T7YB45WM-1943ZORB},01/22/2011 07:17:00,MOH0273,PC-6699,Logon
{M9E9-V7SA35KQ-6182IWTQ},01/22/2011 17:12:00,MOH0273,PC-6699,Logoff
{G2G6-U6JH74WG-5808WFIA},01/23/2011 07:14:00,MOH0273,PC-6699,Logon
{I6Z7-Y7MJ96XE-1469GVUM},01/23/2011 17:13:00,MOH0273,PC-6699,Logoff
{L9O9-L0EL38TA-2645BJCV},01/24/2011 07:07:00,MOH0273,PC-6699,Logon
{P9X3-P4GZ61SR-9068SDBZ},01/24/2011 17:25:00,MOH0273,PC-6699,Logoff
{O8Q6-W9ZJ98WO-0833JWVV},01/25/2011 07:14:00,MOH0273,PC-6699,Logon
{Q2Y5-T2GU37MQ-7293RDLV},01/25/2011 17:13:00,MOH0273,PC-6699,Logoff
{E3G1-V0KO40QW-5957FRCY},01/26/2011 07:09:00,MOH0273,PC-6699,Logon
{B8L0-V1WS94IR-2625FNAM},01/26/2011 17:25:00,MOH0273,PC-6699,Logoff
{Z1J8-V3UK89JG-7663BLFS},01/27/2011 07:16:00,MOH0273,PC-6699,Logon
{O3H0-V3NB01XT-6911KORW},01/27/2011 17:15:00,MOH0273,PC-6699,Logoff
{S6Z4-I5WY62ZC-0669VQLR},01/28/2011 07:13:00,MOH0273,PC-6699,Logon
{N4U7-E7LG95MD-6160DDKO},01/28/2011 17:12:00,MOH0273,PC-6699,Logoff
{U9I2-L4BX83PC-9425QYNA},01/30/2011 07:06:00,MOH0273,PC-6699,Logon
{S1T3-B6SV01YJ-8763ISDB},01/30/2011 17:22:00,MOH0273,PC-6699,Logoff
{I3Y0-K8MC19OI-3956OIVQ},01/31/2011 07:02:00,MOH0273,PC-6699,Logon
{X1V8-M9QA61WV-1338NNPM},01/31/2011 17:13:00,MOH0273,PC-6699,Logoff
{Y8C0-A3SU68HW-3072XVAN},02/01/2011 07:00:00,MOH0273,PC-6699,Logon
{S5D4-K9AB86LW-7611CTUN},02/01/2011 17:26:00,MOH0273,PC-6699,Logoff
{Z7V5-N2DB40OH-1738XSME},02/02/2011 07:08:00,MOH0273,PC-6699,Logon
{A5T0-O1AE70FI-7063HRTG},02/02/2011 17:18:00,MOH0273,PC-6699,Logoff
{C5F9-G4TT96BK-0721NSII},02/03/2011 07:16:00,MOH0273,PC-6699,Logon
{O3J5-Q7AB55WH-3193RFEU},02/03/2011 17:14:00,MOH0273,PC-6699,Logoff
{F7K0-Y2MD59MY-0957KRYS},02/04/2011 07:18:00,MOH0273,PC-6699,Logon
{H4K9-U3BH18DM-9996HBQC},02/04/2011 17:12:00,MOH0273,PC-6699,Logoff
{C9M0-E5YZ74UA-2501KXCA},02/07/2011 07:19:00,MOH0273,PC-6699,Logon
{O2A8-C3FR83OI-2416MRWY},02/07/2011 17:12:00,MOH0273,PC-6699,Logoff
{D7F1-L5HN09WI-8792JDAZ},02/08/2011 07:15:00,MOH0273,PC-6699,Logon
{P0O7-I2HC17CR-5185RHVD},02/08/2011 17:14:00,MOH0273,PC-6699,Logoff
{T8Y8-R3OP22MN-8479EJAY},02/09/2011 07:10:00,MOH0273,PC-6699,Logon
{S6B7-W4PO91ED-5311VBWZ},02/09/2011 17:27:00,MOH0273,PC-6699,Logoff
{R1D9-W4DP25GP-7164KELP},02/10/2011 07:19:00,MOH0273,PC-6699,Logon
{Q1E9-T8ZL57IY-6502FGMI},02/10/2011 17:14:00,MOH0273,PC-6699,Logoff
{K0Z8-I5YC03IS-3711FMLA},02/11/2011 07:14:00,MOH0273,PC-6699,Logon
{D4R4-Q4JC34KU-5697XVLB},02/11/2011 17:28:00,MOH0273,PC-6699,Logoff
{X0H8-E8HY00ZO-4421LZYY},02/14/2011 07:16:00,MOH0273,PC-6699,Logon
{W1J4-U9IP75YL-2022LKAJ},02/14/2011 17:15:00,MOH0273,PC-6699,Logoff
{M4D1-C6YP73AV-8576CVAD},02/15/2011 07:02:00,MOH0273,PC-6699,Logon
{B6S6-H7MO67YL-2531BPVQ},02/15/2011 17:16:00,MOH0273,PC-6699,Logoff
{X7T9-A6VF76EK-9131YRQU},02/16/2011 07:16:00,MOH0273,PC-6699,Logon
{I1W1-F5MO43MI-7541GQTF},02/16/2011 17:12:00,MOH0273,PC-6699,Logoff
{X1P8-G8AC38RP-6131TYKK},02/17/2011 07:16:00,MOH0273,PC-6699,Logon
{D5K8-Z7OB49UD-9551MKCZ},02/17/2011 17:13:00,MOH0273,PC-6699,Logoff
{X6L1-O8XC07NS-9977KMWH},02/18/2011 07:04:00,MOH0273,PC-6699,Logon
{C0N8-S0BB84HR-0478UEQP},02/18/2011 17:28:00,MOH0273,PC-6699,Logoff
{U7R7-W7HL51YB-0187CKRU},02/19/2011 07:10:00,MOH0273,PC-6699,Logon
{D3Z6-S6SX87OV-2075GJIJ},02/19/2011 17:14:00,MOH0273,PC-6699,Logoff
{K6L4-Y2AX50ON-8549VBYG},02/20/2011 07:11:00,MOH0273,PC-6699,Logon
{C1N6-D6ZC08QL-6865NCQI},02/20/2011 17:28:00,MOH0273,PC-6699,Logoff
{Z3H6-Z8CH64CY-3899MERC},02/21/2011 07:04:00,MOH0273,PC-6699,Logon
{J9H9-W1ZA37HN-1785UVVM},02/21/2011 17:24:00,MOH0273,PC-6699,Logoff
{T7M4-U0VS89HX-5326DUVC},02/22/2011 07:18:00,MOH0273,PC-6699,Logon
{L4V7-R4DM83JS-4787IYCE},02/22/2011 17:12:00,MOH0273,PC-6699,Logoff
{U0A4-R6ZB38QR-1374IMDL},02/23/2011 07:15:00,MOH0273,PC-6699,Logon
{I7Z6-Z4DN99CE-4352ARZN},02/23/2011 17:13:00,MOH0273,PC-6699,Logoff
{F8M3-M9VD13HJ-0024RLCB},02/24/2011 07:05:00,MOH0273,PC-6699,Logon
{N0B8-C5EW46DF-1271FMCC},02/24/2011 17:19:00,MOH0273,PC-6699,Logoff
{V7T4-G9SR03OE-8867YGSO},02/25/2011 07:01:00,MOH0273,PC-6699,Logon
{H8S2-T9BA03DP-9432YRZG},02/25/2011 17:20:00,MOH0273,PC-6699,Logoff
{D2J0-I5SD95WQ-5480UMJN},02/26/2011 07:19:00,MOH0273,PC-6699,Logon
{C9I6-N8XG67HN-5598ZTWM},02/26/2011 17:12:00,MOH0273,PC-6699,Logoff
{P7U7-Z2KM35DD-2437SHRS},02/28/2011 07:16:00,MOH0273,PC-6699,Logon
{E2G6-Z9SY36DR-0396LBHJ},02/28/2011 17:13:00,MOH0273,PC-6699,Logoff
{A7R5-V1DA85GL-2182NFTO},03/01/2011 07:03:00,MOH0273,PC-6699,Logon
{E4Y3-S5CG76OR-0269UFZO},03/01/2011 17:23:00,MOH0273,PC-6699,Logoff
{Z4B1-V3QW35AP-9262UCMT},03/02/2011 07:15:00,MOH0273,PC-6699,Logon
{V7V8-J9BT40WH-1229SBXH},03/02/2011 17:15:00,MOH0273,PC-6699,Logoff
{D6I1-Q1AL38FC-1334MZPQ},03/03/2011 07:01:00,MOH0273,PC-6699,Logon
{Y8L1-M7FW14OR-2572DDQG},03/03/2011 17:12:00,MOH0273,PC-6699,Logoff
{T2L5-E9SR61KC-6074ODTE},03/04/2011 07:08:00,MOH0273,PC-6699,Logon
{V3Q7-Z6UV98LB-6476WNUJ},03/04/2011 17:22:00,MOH0273,PC-6699,Logoff
{V5M0-R8WF56ZS-3186VLLT},03/06/2011 07:15:00,MOH0273,PC-6699,Logon
{G5P7-K1PW40FF-5771FSHY},03/06/2011 17:13:00,MOH0273,PC-6699,Logoff
{J1L6-N7DO93IE-0753OCKE},03/07/2011 07:19:00,MOH0273,PC-6699,Logon
{W2N5-U8PE95CV-2936CYVI},03/07/2011 17:12:00,MOH0273,PC-6699,Logoff
{N8J7-L4XJ87YR-6572PXWV},03/08/2011 07:10:00,MOH0273,PC-6699,Logon
{N2I2-M9YP55PX-4420INJA},03/08/2011 17:19:00,MOH0273,PC-6699,Logoff
{D9F8-J7BN73RA-8080CBYY},03/09/2011 07:04:00,MOH0273,PC-6699,Logon
{Y7G5-W2CF21MM-2821QNGQ},03/09/2011 17:22:00,MOH0273,PC-6699,Logoff
{P3A6-H6II32OR-4521LRAL},03/10/2011 07:16:00,MOH0273,PC-6699,Logon
{E5P2-X2MU91QG-2114QSPV},03/10/2011 17:15:00,MOH0273,PC-6699,Logoff
{T1K4-I4SP78WC-9799EFKQ},03/11/2011 07:07:00,MOH0273,PC-6699,Logon
{V3N2-B8YJ84CV-6057XNHA},03/11/2011 17:19:00,MOH0273,PC-6699,Logoff
{N8S2-Y3BS43UD-1122NURV},03/14/2011 07:12:00,MOH0273,PC-6699,Logon
{S0I2-A6RE06DE-7686BJVO},03/14/2011 17:25:00,MOH0273,PC-6699,Logoff
{P8A5-J3WW38LC-0419RETL},03/15/2011 07:17:00,MOH0273,PC-6699,Logon
{Z0Q3-T0QZ09BN-4623RZOW},03/15/2011 17:11:00,MOH0273,PC-6699,Logoff
{C6E0-S0BS96QQ-0063EGEP},03/16/2011 07:05:00,MOH0273,PC-6699,Logon
{E9N4-Z9MT80TF-0825CGVV},03/16/2011 17:19:00,MOH0273,PC-6699,Logoff
{E8A3-J1WQ61GK-0134HTPS},03/17/2011 07:06:00,MOH0273,PC-6699,Logon
{W2L7-Y4PN94DV-6828QXGM},03/17/2011 17:24:00,MOH0273,PC-6699,Logoff
{O2W0-W2YY90DC-2723FEBF},03/18/2011 07:16:00,MOH0273,PC-6699,Logon
{C7K1-D0JL94EW-2011YLHE},03/18/2011 17:12:00,MOH0273,PC-6699,Logoff
{S9D4-V7PC87PL-1299MRUF},03/20/2011 07:18:00,MOH0273,PC-6699,Logon
{U0D0-C8WU60RF-3475BGWP},03/20/2011 17:14:00,MOH0273,PC-6699,Logoff
{M7S3-Z3IB06VJ-3737SFTJ},03/21/2011 07:03:00,MOH0273,PC-6699,Logon
{Z3O3-Q1TV99IU-6895GWXX},03/21/2011 17:16:00,MOH0273,PC-6699,Logoff
{G9S9-W7RD08JW-0375ICTU},03/22/2011 07:03:00,MOH0273,PC-6699,Logon
{O2Z9-I0ND61MD-7091OLOG},03/22/2011 17:26:00,MOH0273,PC-6699,Logoff
{B0G6-I4GI70YN-7169RFBK},03/23/2011 07:16:00,MOH0273,PC-6699,Logon
{A1E7-P3AN33PD-3110TCYP},03/23/2011 17:13:00,MOH0273,PC-6699,Logoff
{B6D8-Q8IC83KX-4616ALSM},03/24/2011 07:19:00,MOH0273,PC-6699,Logon
{I5I4-N0OF15OV-9437NPXJ},03/24/2011 17:11:00,MOH0273,PC-6699,Logoff
{D7R4-W9WC82NH-1393IKNH},03/25/2011 07:15:00,MOH0273,PC-6699,Logon
{J4R7-D8FK28XO-6292OLTU},03/25/2011 17:15:00,MOH0273,PC-6699,Logoff
{P5R6-N8SJ63GM-2948VCWF},03/26/2011 07:16:00,MOH0273,PC-6699,Logon
{M5W6-H7OK09YD-8300GJXT},03/26/2011 17:11:00,MOH0273,PC-6699,Logoff
{A1R6-J6UH67QW-7172MXBH},03/28/2011 07:19:00,MOH0273,PC-6699,Logon
{Z8A7-B2XC33IQ-6680ZWVT},03/28/2011 17:17:00,MOH0273,PC-6699,Logoff
{W4Z4-J6IF20SP-2506JBPJ},03/29/2011 07:16:00,MOH0273,PC-6699,Logon
{U9Y7-H4UB82ZI-9120TJKD},03/29/2011 17:13:00,MOH0273,PC-6699,Logoff
{P8N1-U1JB18IL-4591GRCZ},03/30/2011 07:09:00,MOH0273,PC-6699,Logon
{D5X2-D8BY49WD-4639NXWR},03/30/2011 17:26:00,MOH0273,PC-6699,Logoff
{N0H6-J0DB72AR-5452CPLX},03/31/2011 07:17:00,MOH0273,PC-6699,Logon
{W9W6-L9VA22ND-1291DAOZ},03/31/2011 17:13:00,MOH0273,PC-6699,Logoff
{T7M4-A2ZQ37OC-8508KBAC},04/01/2011 07:17:00,MOH0273,PC-6699,Logon
{B2X3-E7PN41PY-9386KYXH},04/01/2011 17:13:00,MOH0273,PC-6699,Logoff
{M5V6-T2DB57BM-0202XYTD},04/02/2011 07:17:00,MOH0273,PC-6699,Logon
{L8Q6-D6WN97AQ-8037LAQB},04/02/2011 17:12:00,MOH0273,PC-6699,Logoff
{O9R3-W0XD77LN-4115HFKG},04/04/2011 07:15:00,MOH0273,PC-6699,Logon
{J4S1-W5YU54IP-4813ZHOY},04/04/2011 17:25:00,MOH0273,PC-6699,Logoff
{T8Q6-K6VK50JT-1612XQSC},04/05/2011 07:17:00,MOH0273,PC-6699,Logon
{A5K9-A6FJ17MD-3327HFZT},04/05/2011 17:15:00,MOH0273,PC-6699,Logoff
{H4U8-Q0KA92UR-9477KELZ},04/06/2011 07:03:00,MOH0273,PC-6699,Logon
{O8C8-J1CF82BV-5031RKRX},04/06/2011 17:19:00,MOH0273,PC-6699,Logoff
{N2W9-C7HL14RJ-9817KZYU},04/07/2011 07:15:00,MOH0273,PC-6699,Logon
{W6X1-H7YX91CH-6250YQGB},04/07/2011 17:14:00,MOH0273,PC-6699,Logoff
{M6T2-Y9FK61MR-3199ZIOX},04/08/2011 07:00:00,MOH0273,PC-6699,Logon
{H8U0-C2NE08KK-7609UULN},04/08/2011 17:22:00,MOH0273,PC-6699,Logoff
{Y7E0-Y7XM66HS-4049FSUR},04/11/2011 07:16:00,MOH0273,PC-6699,Logon
{A9Z2-O8NV01QC-4401XOQP},04/11/2011 17:11:00,MOH0273,PC-6699,Logoff
{A0I4-A6JV63IU-0641EBNR},04/12/2011 07:01:00,MOH0273,PC-6699,Logon
{C7K2-V7NC30YG-6907AWWP},04/12/2011 17:23:00,MOH0273,PC-6699,Logoff
{M5N2-R0TR43TJ-1719UEJL},04/13/2011 07:14:00,MOH0273,PC-6699,Logon
{H2A4-R5AJ98GI-9543XWJJ},04/13/2011 17:20:00,MOH0273,PC-6699,Logoff
{T6E6-W5LU98XB-0275EJJC},04/14/2011 07:17:00,MOH0273,PC-6699,Logon
{T5M3-F7TG17XK-6785PKVW},04/14/2011 17:14:00,MOH0273,PC-6699,Logoff
{U8X0-K5VD00SB-9686ZLTP},04/15/2011 07:19:00,MOH0273,PC-6699,Logon
{S3O0-O5XV59YA-9065ZQJH},04/15/2011 17:15:00,MOH0273,PC-6699,Logoff
{Z8D3-T8HX81CJ-9154HVUT},04/18/2011 07:16:00,MOH0273,PC-6699,Logon
{N1L8-Y5VL45KM-8276JNEC},04/18/2011 17:15:00,MOH0273,PC-6699,Logoff
{I2W9-J5AZ30TS-1205DVTD},04/19/2011 07:03:00,MOH0273,PC-6699,Logon
{I0X6-O0UX16RG-1636DEMK},04/19/2011 17:13:00,MOH0273,PC-6699,Logoff
{Z7U4-F9QA41GU-1930ZFLZ},04/20/2011 07:19:00,MOH0273,PC-6699,Logon
{L1E7-V7ZF51XZ-9653GRMD},04/20/2011 17:15:00,MOH0273,PC-6699,Logoff
{J9W0-O3UT91OB-9654OAXO},04/21/2011 07:01:00,MOH0273,PC-6699,Logon
{E5F2-K8DE69NV-4434PCIM},04/21/2011 17:30:00,MOH0273,PC-6699,Logoff
{D6B5-X9XS43CD-3237ZLZX},04/23/2011 07:02:00,MOH0273,PC-6699,Logon
{J6A2-T1QQ32FR-3918NWNG},04/23/2011 17:20:00,MOH0273,PC-6699,Logoff
{G3X2-P6YT80WI-7480LQTF},04/25/2011 07:13:00,MOH0273,PC-6699,Logon
{W3D6-D6NX49NA-9040MBLM},04/25/2011 17:30:00,MOH0273,PC-6699,Logoff
{Y8U2-F2XM34TH-0867GHFJ},04/26/2011 07:15:00,MOH0273,PC-6699,Logon
{B3Z0-W1DA17AZ-1350HVZR},04/26/2011 17:15:00,MOH0273,PC-6699,Logoff
{F8K8-C3GU42MV-8629ZYGQ},04/27/2011 07:05:00,MOH0273,PC-6699,Logon
{B3Q9-Y9WG78PS-7015MGAR},04/27/2011 17:30:00,MOH0273,PC-6699,Logoff
{C8W4-V9JD09FI-1287JWMA},04/28/2011 07:18:00,MOH0273,PC-6699,Logon
{Q0U6-C1MI88HS-8863MWSM},04/28/2011 17:13:00,MOH0273,PC-6699,Logoff
{Z4E5-F0NR11KW-6892ECAU},04/29/2011 07:06:00,MOH0273,PC-6699,Logon
{F8T6-P9VN95ZB-8964YRJK},04/29/2011 17:28:00,MOH0273,PC-6699,Logoff
{V8O3-S7LI32XS-3010ARZH},05/02/2011 07:15:00,MOH0273,PC-6699,Logon
{W5M6-E5GF62JC-1734AJUM},05/02/2011 17:21:00,MOH0273,PC-6699,Logoff
{B0U8-J7PT96TT-3809MJLY},05/03/2011 07:00:00,MOH0273,PC-6699,Logon
{B0H3-F6EG15PX-2018LVNI},05/03/2011 17:18:00,MOH0273,PC-6699,Logoff
{R9F5-L4VU67SL-1571QPFR},05/04/2011 07:19:00,MOH0273,PC-6699,Logon
{L7Q9-L9HE59WG-0063PJQF},05/04/2011 17:13:00,MOH0273,PC-6699,Logoff
{W5W6-X3YO61NP-8551YXFB},05/05/2011 07:07:00,MOH0273,PC-6699,Logon
{L7W5-A2RD81RU-7797YNQY},05/05/2011 17:25:00,MOH0273,PC-6699,Logoff
{B4H0-C5PV22WA-4561IGVV},05/06/2011 07:16:00,MOH0273,PC-6699,Logon
{B7H6-M1MC11AX-8943EYSC},05/06/2011 17:23:00,MOH0273,PC-6699,Logoff
{D3I4-Y7AC50FD-4672OZFC},05/07/2011 07:15:00,MOH0273,PC-6699,Logon
{V9T8-S8CQ72UF-7142BQNB},05/07/2011 17:12:00,MOH0273,PC-6699,Logoff
{L0E3-F0DE91TQ-0830FRCE},05/09/2011 07:10:00,MOH0273,PC-6699,Logon
{N1F4-V3WP34BE-1020GHVX},05/09/2011 17:21:00,MOH0273,PC-6699,Logoff
{J3G3-K1ZI67WF-0974IIKT},05/10/2011 07:15:00,MOH0273,PC-6699,Logon
{M1L9-M0UO67UL-7622SMPQ},05/10/2011 17:16:00,MOH0273,PC-6699,Logoff
{L7V3-G7RP42LK-6846ZVGG},05/11/2011 07:19:00,MOH0273,PC-6699,Logon
{X2X4-S2WB61QP-4138HVOH},05/11/2011 17:11:00,MOH0273,PC-6699,Logoff
{I5F5-Q8KD75KK-4933WUMI},05/12/2011 07:13:00,MOH0273,PC-6699,Logon
{I4V2-Y4EQ88YM-1955EUTM},05/12/2011 17:16:00,MOH0273,PC-6699,Logoff
{A4E7-D8AY44YI-0878USVB},05/13/2011 07:11:00,MOH0273,PC-6699,Logon
{V0W4-L1UV26VD-8675CVTX},05/13/2011 17:29:00,MOH0273,PC-6699,Logoff
{N5F2-M1RC70WX-4621EZRY},05/16/2011 07:10:00,MOH0273,PC-6699,Logon
{C3W2-Y3IT28NL-4476UGYG},05/16/2011 17:15:00,MOH0273,PC-6699,Logoff
